-- Populate tables with sample records for testing
-- Populate api.villages
INSERT INTO api.villages (organization, description)
VALUES ('test-village-1', 'This is an example village.');
INSERT INTO api.villages (organization, description)
VALUES ('test-village-2', 'This is an example village.');
INSERT INTO api.villages (organization, description)
VALUES ('test-village-3', 'This is an example village.');
INSERT INTO api.villages (organization, description)
VALUES ('test-village-4', 'This is an example village.');
INSERT INTO api.villages (organization, description)
VALUES ('test-village-5', 'This is an example village.');
INSERT INTO api.villages (organization, description)
VALUES ('test-village-6', 'This is an example village.');
INSERT INTO api.villages (organization, description)
VALUES ('test-village-7', 'This is an example village.');
INSERT INTO api.villages (organization, description)
VALUES ('test-village-8', 'This is an example village.');
INSERT INTO api.villages (organization, description)
VALUES ('test-village-9', 'This is an example village.');
INSERT INTO api.villages (organization, description)
VALUES ('test-village-10', 'This is an example village.');
INSERT INTO api.villages (organization, description)
VALUES ('test-village-11', 'This is an example village.');
INSERT INTO api.villages (organization, description)
VALUES ('test-village-12', 'This is an example village.');
INSERT INTO api.villages (organization, description)
VALUES ('test-village-13', 'This is an example village.');
INSERT INTO api.villages (organization, description)
VALUES ('test-village-14', 'This is an example village.');
INSERT INTO api.villages (organization, description)
VALUES ('test-village-15', 'This is an example village.');
INSERT INTO api.villages (organization, description)
VALUES ('test-village-1', 'This is an example village.');
INSERT INTO api.villages (organization, description)
VALUES ('test-village-2', 'This is an example village.');
INSERT INTO api.villages (organization, description)
VALUES ('test-village-3', 'This is an example village.');
INSERT INTO api.villages (organization, description)
VALUES ('test-village-4', 'This is an example village.');
INSERT INTO api.villages (organization, description)
VALUES ('test-village-5', 'This is an example village.');
INSERT INTO api.villages (organization, description)
VALUES ('test-village-6', 'This is an example village.');
INSERT INTO api.villages (organization, description)
VALUES ('test-village-7', 'This is an example village.');
INSERT INTO api.villages (organization, description)
VALUES ('test-village-8', 'This is an example village.');
INSERT INTO api.villages (organization, description)
VALUES ('test-village-9', 'This is an example village.');
INSERT INTO api.villages (organization, description)
VALUES ('test-village-10', 'This is an example village.');
INSERT INTO api.villages (organization, description)
VALUES ('test-village-11', 'This is an example village.');
INSERT INTO api.villages (organization, description)
VALUES ('test-village-12', 'This is an example village.');
INSERT INTO api.villages (organization, description)
VALUES ('test-village-13', 'This is an example village.');
INSERT INTO api.villages (organization, description)
VALUES ('test-village-14', 'This is an example village.');
INSERT INTO api.villages (organization, description)
VALUES ('test-village-15', 'This is an example village.');
-- Populate api.pilgrims
INSERT INTO api.pilgrims (villageid, username, email, passwd)
VALUES ('village-1', 'test-user-01', 'test-email-2', 'test-password');
INSERT INTO api.pilgrims (villageid, username, email, passwd)
VALUES ('village-1', 'test-user-02', 'test-email-3', 'test-password');
INSERT INTO api.pilgrims (villageid, username, email, passwd)
VALUES ('village-1', 'test-user-03', 'test-email-4', 'test-password');
INSERT INTO api.pilgrims (villageid, username, email, passwd)
VALUES ('village-1', 'test-user-04', 'test-email-5', 'test-password');
INSERT INTO api.pilgrims (villageid, username, email, passwd)
VALUES ('village-1', 'test-user-05', 'test-email-6', 'test-password');
INSERT INTO api.pilgrims (villageid, username, email, passwd)
VALUES ('village-1', 'test-user-06', 'test-email-7', 'test-password');
INSERT INTO api.pilgrims (villageid, username, email, passwd)
VALUES ('village-1', 'test-user-07', 'test-email-8', 'test-password');
INSERT INTO api.pilgrims (villageid, username, email, passwd)
VALUES ('village-1', 'test-user-08', 'test-email-9', 'test-password');
INSERT INTO api.pilgrims (villageid, username, email, passwd)
VALUES ('village-1', 'test-user-09', 'test-email-10', 'test-password');
INSERT INTO api.pilgrims (villageid, username, email, passwd)
VALUES ('village-1', 'test-user-10', 'test-email-11', 'test-password');
INSERT INTO api.pilgrims (villageid, username, email, passwd)
VALUES ('village-1', 'test-user-11', 'test-email-12', 'test-password');
INSERT INTO api.pilgrims (villageid, username, email, passwd)
VALUES ('village-1', 'test-user-12', 'test-email-13', 'test-password');
INSERT INTO api.pilgrims (villageid, username, email, passwd)
VALUES ('village-1', 'test-user-13', 'test-email-14', 'test-password');
INSERT INTO api.pilgrims (villageid, username, email, passwd)
VALUES ('village-1', 'test-user-14', 'test-email-15', 'test-password');
INSERT INTO api.pilgrims (villageid, username, email, passwd)
VALUES ('village-1', 'test-user-15', 'test-email-1', 'test-password');
INSERT INTO api.pilgrims (villageid, username, email, passwd)
VALUES ('village-1', 'test-user-16', 'test-email-2', 'test-password');
INSERT INTO api.pilgrims (villageid, username, email, passwd)
VALUES ('village-1', 'test-user-17', 'test-email-3', 'test-password');
INSERT INTO api.pilgrims (villageid, username, email, passwd)
VALUES ('village-1', 'test-user-18', 'test-email-4', 'test-password');
INSERT INTO api.pilgrims (villageid, username, email, passwd)
VALUES ('village-1', 'test-user-19', 'test-email-5', 'test-password');
INSERT INTO api.pilgrims (villageid, username, email, passwd)
VALUES ('village-1', 'test-user-20', 'test-email-6', 'test-password');
INSERT INTO api.pilgrims (villageid, username, email, passwd)
VALUES ('village-1', 'test-user-21', 'test-email-7', 'test-password');
INSERT INTO api.pilgrims (villageid, username, email, passwd)
VALUES ('village-1', 'test-user-22', 'test-email-8', 'test-password');
INSERT INTO api.pilgrims (villageid, username, email, passwd)
VALUES ('village-1', 'test-user-23', 'test-email-9', 'test-password');
INSERT INTO api.pilgrims (villageid, username, email, passwd)
VALUES ('village-1', 'test-user-24', 'test-email-10', 'test-password');
INSERT INTO api.pilgrims (villageid, username, email, passwd)
VALUES ('village-1', 'test-user-25', 'test-email-11', 'test-password');
INSERT INTO api.pilgrims (villageid, username, email, passwd)
VALUES ('village-1', 'test-user-26', 'test-email-12', 'test-password');
INSERT INTO api.pilgrims (villageid, username, email, passwd)
VALUES ('village-1', 'test-user-27', 'test-email-13', 'test-password');
INSERT INTO api.pilgrims (villageid, username, email, passwd)
VALUES ('village-1', 'test-user-28', 'test-email-14', 'test-password');
INSERT INTO api.pilgrims (villageid, username, email, passwd)
VALUES ('village-1', 'test-user-29', 'test-email-15', 'test-password');
-- Populate api.innkeepers
INSERT INTO api.innkeepers (username, email, passwd)
VALUES ('test-user-00', 'test-email-1', 'test-password');
INSERT INTO api.innkeepers (username, email, passwd)
VALUES ('test-user-01', 'test-email-2', 'test-password');
INSERT INTO api.innkeepers (username, email, passwd)
VALUES ('test-user-02', 'test-email-3', 'test-password');
INSERT INTO api.innkeepers (username, email, passwd)
VALUES ('test-user-03', 'test-email-4', 'test-password');
INSERT INTO api.innkeepers (username, email, passwd)
VALUES ('test-user-04', 'test-email-5', 'test-password');
INSERT INTO api.innkeepers (username, email, passwd)
VALUES ('test-user-05', 'test-email-6', 'test-password');
INSERT INTO api.innkeepers (username, email, passwd)
VALUES ('test-user-06', 'test-email-7', 'test-password');
INSERT INTO api.innkeepers (username, email, passwd)
VALUES ('test-user-07', 'test-email-8', 'test-password');
INSERT INTO api.innkeepers (username, email, passwd)
VALUES ('test-user-08', 'test-email-9', 'test-password');
INSERT INTO api.innkeepers (username, email, passwd)
VALUES ('test-user-09', 'test-email-10', 'test-password');
INSERT INTO api.innkeepers (username, email, passwd)
VALUES ('test-user-10', 'test-email-11', 'test-password');
INSERT INTO api.innkeepers (username, email, passwd)
VALUES ('test-user-11', 'test-email-12', 'test-password');
INSERT INTO api.innkeepers (username, email, passwd)
VALUES ('test-user-12', 'test-email-13', 'test-password');
INSERT INTO api.innkeepers (username, email, passwd)
VALUES ('test-user-13', 'test-email-14', 'test-password');
INSERT INTO api.innkeepers (username, email, passwd)
VALUES ('test-user-14', 'test-email-15', 'test-password');
INSERT INTO api.innkeepers (username, email, passwd)
VALUES ('test-user-15', 'test-email-1', 'test-password');
INSERT INTO api.innkeepers (username, email, passwd)
VALUES ('test-user-16', 'test-email-2', 'test-password');
INSERT INTO api.innkeepers (username, email, passwd)
VALUES ('test-user-17', 'test-email-3', 'test-password');
INSERT INTO api.innkeepers (username, email, passwd)
VALUES ('test-user-18', 'test-email-4', 'test-password');
INSERT INTO api.innkeepers (username, email, passwd)
VALUES ('test-user-19', 'test-email-5', 'test-password');
INSERT INTO api.innkeepers (username, email, passwd)
VALUES ('test-user-20', 'test-email-6', 'test-password');
INSERT INTO api.innkeepers (username, email, passwd)
VALUES ('test-user-21', 'test-email-7', 'test-password');
INSERT INTO api.innkeepers (username, email, passwd)
VALUES ('test-user-22', 'test-email-8', 'test-password');
INSERT INTO api.innkeepers (username, email, passwd)
VALUES ('test-user-23', 'test-email-9', 'test-password');
INSERT INTO api.innkeepers (username, email, passwd)
VALUES ('test-user-24', 'test-email-10', 'test-password');
INSERT INTO api.innkeepers (username, email, passwd)
VALUES ('test-user-25', 'test-email-11', 'test-password');
INSERT INTO api.innkeepers (username, email, passwd)
VALUES ('test-user-26', 'test-email-12', 'test-password');
INSERT INTO api.innkeepers (username, email, passwd)
VALUES ('test-user-27', 'test-email-13', 'test-password');
INSERT INTO api.innkeepers (username, email, passwd)
VALUES ('test-user-28', 'test-email-14', 'test-password');
INSERT INTO api.innkeepers (username, email, passwd)
VALUES ('test-user-29', 'test-email-15', 'test-password');
-- Populate api.reeves
INSERT INTO api.reeves (villageid, username, email, passwd)
VALUES ('village-1', 'test-user-01', 'test-email-2', 'test-password');
INSERT INTO api.reeves (villageid, username, email, passwd)
VALUES ('village-1', 'test-user-02', 'test-email-3', 'test-password');
INSERT INTO api.reeves (villageid, username, email, passwd)
VALUES ('village-1', 'test-user-03', 'test-email-4', 'test-password');
INSERT INTO api.reeves (villageid, username, email, passwd)
VALUES ('village-1', 'test-user-04', 'test-email-5', 'test-password');
INSERT INTO api.reeves (villageid, username, email, passwd)
VALUES ('village-1', 'test-user-05', 'test-email-6', 'test-password');
INSERT INTO api.reeves (villageid, username, email, passwd)
VALUES ('village-1', 'test-user-06', 'test-email-7', 'test-password');
INSERT INTO api.reeves (villageid, username, email, passwd)
VALUES ('village-1', 'test-user-07', 'test-email-8', 'test-password');
INSERT INTO api.reeves (villageid, username, email, passwd)
VALUES ('village-1', 'test-user-08', 'test-email-9', 'test-password');
INSERT INTO api.reeves (villageid, username, email, passwd)
VALUES ('village-1', 'test-user-09', 'test-email-10', 'test-password');
INSERT INTO api.reeves (villageid, username, email, passwd)
VALUES ('village-1', 'test-user-10', 'test-email-11', 'test-password');
INSERT INTO api.reeves (villageid, username, email, passwd)
VALUES ('village-1', 'test-user-11', 'test-email-12', 'test-password');
INSERT INTO api.reeves (villageid, username, email, passwd)
VALUES ('village-1', 'test-user-12', 'test-email-13', 'test-password');
INSERT INTO api.reeves (villageid, username, email, passwd)
VALUES ('village-1', 'test-user-13', 'test-email-14', 'test-password');
INSERT INTO api.reeves (villageid, username, email, passwd)
VALUES ('village-1', 'test-user-14', 'test-email-15', 'test-password');
INSERT INTO api.reeves (villageid, username, email, passwd)
VALUES ('village-1', 'test-user-15', 'test-email-1', 'test-password');
INSERT INTO api.reeves (villageid, username, email, passwd)
VALUES ('village-1', 'test-user-16', 'test-email-2', 'test-password');
INSERT INTO api.reeves (villageid, username, email, passwd)
VALUES ('village-1', 'test-user-17', 'test-email-3', 'test-password');
INSERT INTO api.reeves (villageid, username, email, passwd)
VALUES ('village-1', 'test-user-18', 'test-email-4', 'test-password');
INSERT INTO api.reeves (villageid, username, email, passwd)
VALUES ('village-1', 'test-user-19', 'test-email-5', 'test-password');
INSERT INTO api.reeves (villageid, username, email, passwd)
VALUES ('village-1', 'test-user-20', 'test-email-6', 'test-password');
INSERT INTO api.reeves (villageid, username, email, passwd)
VALUES ('village-1', 'test-user-21', 'test-email-7', 'test-password');
INSERT INTO api.reeves (villageid, username, email, passwd)
VALUES ('village-1', 'test-user-22', 'test-email-8', 'test-password');
INSERT INTO api.reeves (villageid, username, email, passwd)
VALUES ('village-1', 'test-user-23', 'test-email-9', 'test-password');
INSERT INTO api.reeves (villageid, username, email, passwd)
VALUES ('village-1', 'test-user-24', 'test-email-10', 'test-password');
INSERT INTO api.reeves (villageid, username, email, passwd)
VALUES ('village-1', 'test-user-25', 'test-email-11', 'test-password');
INSERT INTO api.reeves (villageid, username, email, passwd)
VALUES ('village-1', 'test-user-26', 'test-email-12', 'test-password');
INSERT INTO api.reeves (villageid, username, email, passwd)
VALUES ('village-1', 'test-user-27', 'test-email-13', 'test-password');
INSERT INTO api.reeves (villageid, username, email, passwd)
VALUES ('village-1', 'test-user-28', 'test-email-14', 'test-password');
INSERT INTO api.reeves (villageid, username, email, passwd)
VALUES ('village-1', 'test-user-29', 'test-email-15', 'test-password');
-- Populate api.projects
INSERT INTO api.projects (pilgrimid, title, details, cpu, memory, storage)
VALUES (
        'pilgrim-1',
        'test-project-3',
        'This is an example project.',
        1,
        2,
        3
    );
INSERT INTO api.projects (pilgrimid, title, details, cpu, memory, storage)
VALUES (
        'pilgrim-1',
        'test-project-4',
        'This is an example project.',
        1,
        2,
        3
    );
INSERT INTO api.projects (pilgrimid, title, details, cpu, memory, storage)
VALUES (
        'pilgrim-1',
        'test-project-5',
        'This is an example project.',
        1,
        2,
        3
    );
INSERT INTO api.projects (pilgrimid, title, details, cpu, memory, storage)
VALUES (
        'pilgrim-1',
        'test-project-6',
        'This is an example project.',
        1,
        2,
        3
    );
INSERT INTO api.projects (pilgrimid, title, details, cpu, memory, storage)
VALUES (
        'pilgrim-1',
        'test-project-7',
        'This is an example project.',
        1,
        2,
        3
    );
INSERT INTO api.projects (pilgrimid, title, details, cpu, memory, storage)
VALUES (
        'pilgrim-1',
        'test-project-8',
        'This is an example project.',
        1,
        2,
        3
    );
INSERT INTO api.projects (pilgrimid, title, details, cpu, memory, storage)
VALUES (
        'pilgrim-1',
        'test-project-9',
        'This is an example project.',
        1,
        2,
        3
    );
INSERT INTO api.projects (pilgrimid, title, details, cpu, memory, storage)
VALUES (
        'pilgrim-1',
        'test-project-10',
        'This is an example project.',
        1,
        2,
        3
    );
INSERT INTO api.projects (pilgrimid, title, details, cpu, memory, storage)
VALUES (
        'pilgrim-1',
        'test-project-11',
        'This is an example project.',
        1,
        2,
        3
    );
INSERT INTO api.projects (pilgrimid, title, details, cpu, memory, storage)
VALUES (
        'pilgrim-1',
        'test-project-12',
        'This is an example project.',
        1,
        2,
        3
    );
INSERT INTO api.projects (pilgrimid, title, details, cpu, memory, storage)
VALUES (
        'pilgrim-1',
        'test-project-13',
        'This is an example project.',
        1,
        2,
        3
    );
INSERT INTO api.projects (pilgrimid, title, details, cpu, memory, storage)
VALUES (
        'pilgrim-1',
        'test-project-14',
        'This is an example project.',
        1,
        2,
        3
    );
INSERT INTO api.projects (pilgrimid, title, details, cpu, memory, storage)
VALUES (
        'pilgrim-1',
        'test-project-15',
        'This is an example project.',
        1,
        2,
        3
    );
INSERT INTO api.projects (pilgrimid, title, details, cpu, memory, storage)
VALUES (
        'pilgrim-1',
        'test-project-16',
        'This is an example project.',
        1,
        2,
        3
    );
INSERT INTO api.projects (pilgrimid, title, details, cpu, memory, storage)
VALUES (
        'pilgrim-1',
        'test-project-17',
        'This is an example project.',
        1,
        2,
        3
    );
INSERT INTO api.projects (pilgrimid, title, details, cpu, memory, storage)
VALUES (
        'pilgrim-1',
        'test-project-18',
        'This is an example project.',
        1,
        2,
        3
    );
INSERT INTO api.projects (pilgrimid, title, details, cpu, memory, storage)
VALUES (
        'pilgrim-1',
        'test-project-19',
        'This is an example project.',
        1,
        2,
        3
    );
INSERT INTO api.projects (pilgrimid, title, details, cpu, memory, storage)
VALUES (
        'pilgrim-1',
        'test-project-20',
        'This is an example project.',
        1,
        2,
        3
    );
INSERT INTO api.projects (pilgrimid, title, details, cpu, memory, storage)
VALUES (
        'pilgrim-1',
        'test-project-21',
        'This is an example project.',
        1,
        2,
        3
    );
INSERT INTO api.projects (pilgrimid, title, details, cpu, memory, storage)
VALUES (
        'pilgrim-1',
        'test-project-22',
        'This is an example project.',
        1,
        2,
        3
    );
INSERT INTO api.projects (pilgrimid, title, details, cpu, memory, storage)
VALUES (
        'pilgrim-1',
        'test-project-23',
        'This is an example project.',
        1,
        2,
        3
    );
INSERT INTO api.projects (pilgrimid, title, details, cpu, memory, storage)
VALUES (
        'pilgrim-1',
        'test-project-24',
        'This is an example project.',
        1,
        2,
        3
    );
-- Populate api.tickets
INSERT INTO api.tickets (villageid, email, topic, details, status)
VALUES (
        'village-1',
        'test-user',
        'test-topic-1',
        'This is an example ticket.',
        'Open'
    );
INSERT INTO api.tickets (villageid, email, topic, details, status)
VALUES (
        'village-1',
        'test-user',
        'test-topic-2',
        'This is an example ticket.',
        'Open'
    );
INSERT INTO api.tickets (villageid, email, topic, details, status)
VALUES (
        'village-1',
        'test-user',
        'test-topic-3',
        'This is an example ticket.',
        'Open'
    );
INSERT INTO api.tickets (villageid, email, topic, details, status)
VALUES (
        'village-1',
        'test-user',
        'test-topic-4',
        'This is an example ticket.',
        'Open'
    );
INSERT INTO api.tickets (villageid, email, topic, details, status)
VALUES (
        'village-1',
        'test-user',
        'test-topic-5',
        'This is an example ticket.',
        'Open'
    );
INSERT INTO api.tickets (villageid, email, topic, details, status)
VALUES (
        'village-1',
        'test-user',
        'test-topic-1',
        'This is an example ticket.',
        'Open'
    );
INSERT INTO api.tickets (villageid, email, topic, details, status)
VALUES (
        'village-1',
        'test-user',
        'test-topic-2',
        'This is an example ticket.',
        'Open'
    );
INSERT INTO api.tickets (villageid, email, topic, details, status)
VALUES (
        'village-1',
        'test-user',
        'test-topic-3',
        'This is an example ticket.',
        'Open'
    );
INSERT INTO api.tickets (villageid, email, topic, details, status)
VALUES (
        'village-1',
        'test-user',
        'test-topic-4',
        'This is an example ticket.',
        'Open'
    );
INSERT INTO api.tickets (villageid, email, topic, details, status)
VALUES (
        'village-1',
        'test-user',
        'test-topic-5',
        'This is an example ticket.',
        'Open'
    );
INSERT INTO api.tickets (villageid, email, topic, details, status)
VALUES (
        'village-1',
        'test-user',
        'test-topic-1',
        'This is an example ticket.',
        'Closed'
    );
INSERT INTO api.tickets (villageid, email, topic, details, status)
VALUES (
        'village-1',
        'test-user',
        'test-topic-2',
        'This is an example ticket.',
        'Closed'
    );
INSERT INTO api.tickets (villageid, email, topic, details, status)
VALUES (
        'village-1',
        'test-user',
        'test-topic-3',
        'This is an example ticket.',
        'Closed'
    );
INSERT INTO api.tickets (villageid, email, topic, details, status)
VALUES (
        'village-1',
        'test-user',
        'test-topic-4',
        'This is an example ticket.',
        'Closed'
    );
INSERT INTO api.tickets (villageid, email, topic, details, status)
VALUES (
        'village-1',
        'test-user',
        'test-topic-5',
        'This is an example ticket.',
        'Closed'
    );
INSERT INTO api.tickets (villageid, email, topic, details, status)
VALUES (
        'village-1',
        'test-user',
        'test-topic-1',
        'This is an example ticket.',
        'Open'
    );
INSERT INTO api.tickets (villageid, email, topic, details, status)
VALUES (
        'village-1',
        'test-user',
        'test-topic-2',
        'This is an example ticket.',
        'Open'
    );
INSERT INTO api.tickets (villageid, email, topic, details, status)
VALUES (
        'village-1',
        'test-user',
        'test-topic-3',
        'This is an example ticket.',
        'Open'
    );
INSERT INTO api.tickets (villageid, email, topic, details, status)
VALUES (
        'village-1',
        'test-user',
        'test-topic-4',
        'This is an example ticket.',
        'Open'
    );
INSERT INTO api.tickets (villageid, email, topic, details, status)
VALUES (
        'village-1',
        'test-user',
        'test-topic-5',
        'This is an example ticket.',
        'Open'
    );
INSERT INTO api.tickets (villageid, email, topic, details, status)
VALUES (
        'village-1',
        'test-user',
        'test-topic-1',
        'This is an example ticket.',
        'Open'
    );
INSERT INTO api.tickets (villageid, email, topic, details, status)
VALUES (
        'village-1',
        'test-user',
        'test-topic-2',
        'This is an example ticket.',
        'Open'
    );
INSERT INTO api.tickets (villageid, email, topic, details, status)
VALUES (
        'village-1',
        'test-user',
        'test-topic-3',
        'This is an example ticket.',
        'Open'
    );
INSERT INTO api.tickets (villageid, email, topic, details, status)
VALUES (
        'village-1',
        'test-user',
        'test-topic-4',
        'This is an example ticket.',
        'Open'
    );
INSERT INTO api.tickets (villageid, email, topic, details, status)
VALUES (
        'village-1',
        'test-user',
        'test-topic-5',
        'This is an example ticket.',
        'Open'
    );
INSERT INTO api.tickets (villageid, email, topic, details, status)
VALUES (
        'village-1',
        'test-user',
        'test-topic-1',
        'This is an example ticket.',
        'Closed'
    );
INSERT INTO api.tickets (villageid, email, topic, details, status)
VALUES (
        'village-1',
        'test-user',
        'test-topic-2',
        'This is an example ticket.',
        'Closed'
    );
INSERT INTO api.tickets (villageid, email, topic, details, status)
VALUES (
        'village-1',
        'test-user',
        'test-topic-3',
        'This is an example ticket.',
        'Closed'
    );
INSERT INTO api.tickets (villageid, email, topic, details, status)
VALUES (
        'village-1',
        'test-user',
        'test-topic-4',
        'This is an example ticket.',
        'Closed'
    );
-- Populate api.usage
INSERT INTO api.usage (
        projectid,
        pilgrimid,
        start_time,
        end_time,
        cpu_minutes_used,
        memory_minutes_used
    )
VALUES (
        1,
        'pilgrim-1',
        '2016-06-22 19:10:25-07',
        '2016-06-22 19:10:25-07',
        1,
        1
    );
INSERT INTO api.usage (
        projectid,
        pilgrimid,
        start_time,
        end_time,
        cpu_minutes_used,
        memory_minutes_used
    )
VALUES (
        2,
        'pilgrim-1',
        '2016-06-22 19:10:25-07',
        '2016-06-22 19:10:25-07',
        1,
        1
    );
INSERT INTO api.usage (
        projectid,
        pilgrimid,
        start_time,
        end_time,
        cpu_minutes_used,
        memory_minutes_used
    )
VALUES (
        3,
        'pilgrim-1',
        '2016-06-22 19:10:25-07',
        '2016-06-22 19:10:25-07',
        1,
        1
    );
INSERT INTO api.usage (
        projectid,
        pilgrimid,
        start_time,
        end_time,
        cpu_minutes_used,
        memory_minutes_used
    )
VALUES (
        1,
        'pilgrim-1',
        '2016-06-22 19:10:25-07',
        '2016-06-22 19:10:25-07',
        1,
        1
    );
INSERT INTO api.usage (
        projectid,
        pilgrimid,
        start_time,
        end_time,
        cpu_minutes_used,
        memory_minutes_used
    )
VALUES (
        2,
        'pilgrim-1',
        '2016-06-22 19:10:25-07',
        '2016-06-22 19:10:25-07',
        1,
        1
    );
INSERT INTO api.usage (
        projectid,
        pilgrimid,
        start_time,
        end_time,
        cpu_minutes_used,
        memory_minutes_used
    )
VALUES (
        3,
        'pilgrim-1',
        '2016-06-22 19:10:25-07',
        '2016-06-22 19:10:25-07',
        1,
        1
    );
INSERT INTO api.usage (
        projectid,
        pilgrimid,
        start_time,
        end_time,
        cpu_minutes_used,
        memory_minutes_used
    )
VALUES (
        1,
        'pilgrim-1',
        '2016-06-22 19:10:25-07',
        '2016-06-22 19:10:25-07',
        1,
        1
    );